"Marca temporal","Pregunta sin título"
"2021/08/11 8:21:39 p. m. GMT-3","Fornite"
"2021/08/11 8:21:45 p. m. GMT-3","LoL"
"2021/08/11 8:21:51 p. m. GMT-3","Otros"
"2021/08/11 8:21:55 p. m. GMT-3","Rocket League"
"2021/08/11 8:22:01 p. m. GMT-3","Rocket League"
"2021/08/11 8:22:05 p. m. GMT-3","Otros"
"2021/08/11 8:22:08 p. m. GMT-3","CSGO"
"2021/08/11 8:22:13 p. m. GMT-3","Fornite"
"2021/08/11 8:22:16 p. m. GMT-3","LoL"
"2021/08/11 8:22:20 p. m. GMT-3","LoL"
"2021/08/11 8:22:23 p. m. GMT-3","Fornite"
"2021/08/11 8:22:27 p. m. GMT-3","CSGO"
"2021/08/11 8:22:33 p. m. GMT-3","Dota 2"
"2021/08/11 8:22:36 p. m. GMT-3","Otros"
"2021/08/11 8:22:40 p. m. GMT-3","Dota 2"
"2021/08/11 8:22:44 p. m. GMT-3","CSGO"
"2021/08/11 8:22:47 p. m. GMT-3","Fornite"
"2021/08/11 8:22:50 p. m. GMT-3","Rocket League"
"2021/08/11 8:22:54 p. m. GMT-3","Fornite"
"2021/08/11 8:23:23 p. m. GMT-3","Rocket League"
"2021/08/11 8:23:28 p. m. GMT-3","Fornite"
"2021/08/11 8:23:30 p. m. GMT-3","Dota 2"
"2021/08/11 8:23:34 p. m. GMT-3","CSGO"
"2021/08/11 8:23:38 p. m. GMT-3","Dota 2"
"2021/08/11 8:23:41 p. m. GMT-3","Otros"
"2021/08/11 8:23:44 p. m. GMT-3","Dota 2"
"2021/08/11 8:23:48 p. m. GMT-3","Rocket League"
"2021/08/11 8:23:51 p. m. GMT-3","Fornite"
"2021/08/11 8:23:55 p. m. GMT-3","LoL"
"2021/08/11 8:23:59 p. m. GMT-3","Otros"
"2021/08/11 8:24:04 p. m. GMT-3","CSGO"
"2021/08/11 8:24:08 p. m. GMT-3","LoL"
"2021/08/11 8:24:11 p. m. GMT-3","Dota 2"
"2021/08/11 8:24:14 p. m. GMT-3","Rocket League"
"2021/08/11 8:24:18 p. m. GMT-3","Fornite"
"2021/08/11 8:24:21 p. m. GMT-3","Fornite"
"2021/08/11 8:24:25 p. m. GMT-3","Fornite"
"2021/08/11 8:24:31 p. m. GMT-3","Otros"
"2021/08/11 8:24:34 p. m. GMT-3","LoL"
"2021/08/11 8:24:38 p. m. GMT-3","CSGO"
"2021/08/11 8:24:42 p. m. GMT-3","Fornite"
"2021/08/11 8:25:00 p. m. GMT-3","CSGO"
"2021/08/11 8:25:04 p. m. GMT-3","CSGO"
"2021/08/11 8:25:08 p. m. GMT-3","CSGO"
"2021/08/11 8:25:10 p. m. GMT-3","CSGO"
"2021/08/11 8:25:14 p. m. GMT-3","CSGO"
"2021/08/11 8:25:17 p. m. GMT-3","CSGO"
"2021/08/11 8:25:21 p. m. GMT-3","CSGO"
"2021/08/11 8:25:33 p. m. GMT-3","LoL"
"2021/08/11 8:25:36 p. m. GMT-3","LoL"
"2021/08/11 8:25:40 p. m. GMT-3","LoL"
"2021/08/11 8:25:43 p. m. GMT-3","LoL"
"2021/08/11 8:25:46 p. m. GMT-3","LoL"
"2021/08/11 8:25:50 p. m. GMT-3","LoL"
"2021/08/11 8:25:54 p. m. GMT-3","LoL"
"2021/08/11 8:25:57 p. m. GMT-3","LoL"
"2021/08/11 8:26:01 p. m. GMT-3","LoL"
"2021/08/11 8:26:09 p. m. GMT-3","CSGO"
"2021/08/11 8:26:12 p. m. GMT-3","CSGO"
"2021/08/11 8:26:16 p. m. GMT-3","CSGO"
"2021/08/11 8:26:56 p. m. GMT-3","Rocket League"
"2021/08/11 8:26:59 p. m. GMT-3","Otros"
"2021/08/11 8:27:08 p. m. GMT-3","Rocket League"