genero,nombre,apellido,paisfemale,Ouarda,Hoppenbrouwer,Netherlands
female,Wanda,Morris,Australia
male,Emile,Johnson,Canada
male,Grayson,Robinson,New Zealand
female,Naomi,Thomas,France
male,Dylan,Coleman,Ireland
female,Elena,Ramirez,Spain
female,Diane,Simmons,Ireland
male,Sondre,Gaard,Norway
female,Addison,Patel,Canada
male,Jorge,Sanchez,Spain
male,Samuel,Chow,Canada
female,Adeci,Alves,Brazil
female,Victoria,Lopez,United Kingdom
female,Jade,Smith,Canada
male,Cristobal,Muñoz,Spain
male,Justin,Addy,Canada
female,Malena,Håkonsen,Norway
male,Ailo,Belsvik,Norway
male,Theodore,Thompson,New Zealand
male,Rodney,Knight,United States
female,رونیکا,زارعی,Iran
female,Augusta,Os,Norway
female,Frida,Sørensen,Denmark
male,آرش,سلطانی نژاد,Iran
female,Danielle,Johnston,Ireland
female,Özsu,Özkök,Turkey
female,Addison,Bouchard,Canada
male,Adam,Christensen,Denmark
male,Olivier,Smith,Canada
